epoch,step,train_F1,train_OA,train_loss,train_mIoU,val_F1,val_OA,val_loss,val_mIoU
0,209,,,,,0.4019482731819153,0.43353408575057983,1.865709662437439,0.28411149978637695
0,209,0.4120471179485321,0.4560147225856781,2.0013420581817627,0.27848637104034424,,,,
1,419,,,,,0.46830710768699646,0.4592655301094055,1.7272557020187378,0.3408200144767761
1,419,0.5062471032142639,0.5406613945960999,1.7452194690704346,0.3598296046257019,,,,
2,629,,,,,0.48643600940704346,0.47797173261642456,1.6069908142089844,0.35024604201316833
2,629,0.5389965772628784,0.5737668871879578,1.6080554723739624,0.39001932740211487,,,,
3,839,,,,,0.4784204661846161,0.46434369683265686,1.6209348440170288,0.348579466342926
3,839,0.5571854710578918,0.5877390503883362,1.5663920640945435,0.4100736379623413,,,,
4,1049,,,,,0.547234296798706,0.5426755547523499,1.4915090799331665,0.4015788733959198
4,1049,0.5647960305213928,0.6000643968582153,1.515765905380249,0.42009490728378296,,,,
5,1259,,,,,0.5628310441970825,0.5655444860458374,1.4513500928878784,0.41408851742744446
5,1259,0.586663007736206,0.607203483581543,1.463607668876648,0.44049540162086487,,,,
6,1469,,,,,0.5307505130767822,0.5489020347595215,1.5244823694229126,0.39421218633651733
6,1469,0.5970126390457153,0.6161494255065918,1.446368932723999,0.4533437192440033,,,,
7,1679,,,,,0.5519900321960449,0.546683132648468,1.5343073606491089,0.41131487488746643
7,1679,0.6082706451416016,0.6236062049865723,1.4252232313156128,0.46161559224128723,,,,
8,1889,,,,,0.571543276309967,0.5531389713287354,1.424889326095581,0.4238360524177551
8,1889,0.6182018518447876,0.6317747235298157,1.3957637548446655,0.47395288944244385,,,,
9,2099,,,,,0.5527040362358093,0.5400387048721313,1.4765774011611938,0.4091690480709076
9,2099,0.6298381090164185,0.6405739188194275,1.3592363595962524,0.4857023060321808,,,,
10,2309,,,,,0.5701005458831787,0.5682898163795471,1.4333105087280273,0.42656418681144714
10,2309,0.6415697336196899,0.6480752825737,1.3374043703079224,0.4965206980705261,,,,
11,2519,,,,,0.5784146189689636,0.5782635807991028,1.4171727895736694,0.43212249875068665
11,2519,0.6477709412574768,0.6505916714668274,1.3265244960784912,0.5032903552055359,,,,
12,2729,,,,,0.5986191630363464,0.6054719686508179,1.3817756175994873,0.45199093222618103
12,2729,0.6509103178977966,0.6520596146583557,1.3180409669876099,0.5076566338539124,,,,
13,2939,,,,,0.5951199531555176,0.5974828600883484,1.3812073469161987,0.4488094449043274
13,2939,0.655928909778595,0.6568191051483154,1.3102917671203613,0.5116703510284424,,,,
14,3149,,,,,0.5969724655151367,0.6105902194976807,1.373131275177002,0.4516456127166748
14,3149,0.6577417850494385,0.6586129665374756,1.3057161569595337,0.5129874348640442,,,,
15,3359,,,,,0.5912381410598755,0.6083579659461975,1.3816639184951782,0.44508203864097595
15,3359,0.6645563244819641,0.6623543500900269,1.2908374071121216,0.5224793553352356,,,,
